"word";"homonym_nr";"meaning"
"a";"1";"v. (m.) (’s), 1. als teken: eerste letter, als klank: eerste der klinkers van ons alfabet;—(zegsw.) hij kent geen a voor een b, (eig.) hij kent het abc niet, (fig.) hij heeft niets geleerd, hij is zeer dom;-van a tot z, van het begin tot het einde, geheel en al;-(spr.) wie a zegt, moet ook b zeggen, men moet voortgaan, zoals men begonnen is; wie eenmaal de eerste stap gedaan heeft, moet ook doorzetten;-2. al de namen of woorden in een alfabetisch gerangschikt boek, kaartsysteem e.d. die met een a beginnen;-3. (muz.) naam van de zesde toon der diatonische en van de tiende der chromatische toonschaal, uitgaande van C; de noot la;—als toonsoort waarin een stuk is geschreven betekent A: a kleine terts, en A: a grote terts;—4. (wisk.) de eerste der bekende grootheden; vand. alg. aanduiding van een onderstelde zaak of zulk een persoon: A loopt van C naar D; de trein van A naar P;—eerste term van een indeling: het onder a genoemde; afdeling A;-5. als oud Romeins cijfer: 500; A, 5000; -6. op oude nummerborden van auto’s is A de aanduiding van Groningen."
"à";"2";"(Fr) vz., 1. tussen zeker getal en een hoger getal om een bedrag, hoeveelheid of grootheid ongeveer te bepalen: 20 à 25 minuten, 6 à 7 meter;—in bep. verband ook bij ondeelbare begrippen: een gerecht voor 6 à 7 personen; 2 a 3 maal;—2. (bij prijsaanduiding) per eenheid: 5 meter à 6 gulden."
"A";"3";"v. (m.) (-'s), in aardrijksk. ben. (niet zelfst.) rivier, stroom: de Steenwijker A."
"a-";"";"(voor vocalen an-) voorvoegsel dat een ontbreken van het in het volgende woorddeel genoemde, of het tegengestelde daarvan uitdrukt: amoreel, anorganisch."
"AA-auto";"";"m. (-'s), auto waarvan het kenteken begint met AA toebehorend aan het koninklijk huis, hofauto."
"aad";"";"a’de (Fri.), v. (m.) (aden), plat ovalen vat, (voorheen) bij het afromen van melk gebruikt."
"aadler";"";"m. (-s), (dicht.) adelaar."
"aaf";"";"v. (m.) (aven), (gew.) naaf."
"Aagje";"";"vrouwennaam, verkl. van Aagt;-nieuwsgierig Aagje, schertsende benaming voor een nieuwsgierige vrouw (ontleend aan een kluchtspel uit de 17de eeuw); ook wel voor mannelijke personen gebezigd."
"aagjesappel";"";"m. (-s of -en), lichtzure appel, aagtappel."
"aagt";"";"m. (-en), zekere soort van zure appel, ook aagt- of aagjesappel, kroonappel of Engelse aagt genoemd; —appel, m. (-en, -s)."
"aai";"1";"m. (-en), keer dat men aait, streling; strijkende aanraking: als je bij het lopen een aai van een natte sliert wasgoed kreeg (Thijssen);-(iron.) gevoelige kneep of duw."
"aai";"2";"zie ai (II)."
"aalen";"";"(aaide, heeft geaaid), (onoverg. en overg.) 1. zacht met de hand over iets heen strijken om een aangenaam gevoel op te wekken of als uiting van tederheid: een kat aaien; haar moeder aaide haar over de wang (Van Schendel); —2. (iron.) iem. in ’t geniep zeer doen, knijpen."
"aai(e)-poes";"";"I. tw., gebezigd bij het strelen van een kat of van een zacht aanvoelend oppervlak; -(w. g.) aai(e)-poes spelen, gezegd van kinderen die lief zijn met het doel om iets te verkrijgen;-II. zn. v. (poezen), meisje dat aaiepoes speelt; scharreltje."
"aaistoot";"";"m. (...stoten), (bilj.) lichte stoot bij klein spel, waardoor de ballen slechts weinig verplaatst worden."
"aak";"1";"m. en v. (aken), 1. groot, platbodemd, stevenloos binnenvaartuig voor het vervoer van massagoederen, oorspronkelijk op de Beneden-Rijn; thans alleen als sleep- of duwschip met een laadvermogen tot meer dan 2.000 ton in gebruik;—2. (gew.) grote roeiboot."
"aak";"2";"m. (aken), (w. g.) Spaanse aak, kleine of veldesdoorn (Acer campestre)."
"aak";"3";"tw. en zn. (gew.), I. tw., bah! vies! ~II. zn. (zonder lidw.), viezigheid; (zegsw.) er is aak aan de knikker, het is niet pluis."
"aaks";"";"zie aks."
"aakschipper";"";"m. (-s), schipper van een aak."
"aakschuit";"";"v. (m.) (-en), aak, lastschip."
"aaktjalk";"";"v. (m.) (-en), als een aak gebouwde tjalk."
"aal";"1";"v. (m.), (gew) aalt."
"aal";"2";"0, geen mv, (w. g.) lichtkleurig, sterk gehopt en zeer duurzaam Engels bier (ale )."
"aal";"3";"m. (alen), 1. slangvormige vis (Anguilla anguilla), in de alg. taal thans meestal paling genoemd, bij riviervissers wordt aal als de jonge, de rivieren op trekkende vis onderscheiden van paling, de volwassen vis, die naar zee trekt;—(zegsw.) aal is geen paling, het mindere staat niet met het meerdere gelijk;—hij is zo glad als een aal, hij laat zich niet vangen, hij is te geslepen; vaak van handige debaters gezegd;- het is een gladde aal, het is een slimmerd;-hij is te vangen als een aal bij de staart, men kan hem niet gemakkelijk te pakken krijgen (eig. en fig.); een aal bij de staart hebben, zich met een zaak of een persoon bezighouden waar men weinig vat op krijgt;—aan een goed visser ontglipt wel eens een aal, zelfs de bekwaamste kan wel iets mislukken of ontgaan; —hij wringt zich als een aal (in allerlei bochten), hij tracht op alle wijzen zich eruit te redeneren, zich vrij te praten, te ontkomen, zich aan zijn verplichtingen te onttrekken;—(gew.) zo mager als een aal;-2. (gew.) bij vergel. plooi, rimpel (in een kous)."
"aal";"4";"m,, gemeenz. afkorting van aalmoezenier."
"aalachtig";"";"bn. op een aal gelijkend; —(zelfst.) de aalachtigen, de aalvissen (Muraenidae)."
"aa-lava";"";"v. (m.) (-'s), bloklava, schollava."
"aalbes";"";"v. (m.) (-sen), 1. vrucht van de aalbessestruik, ook alleen bes genoemd (vooral in de verb.): rode, witte, zwarte aalbessen;—2. struik of heester die de genoemde vruchten voortbrengt (Ribes); —achtigen, mv., onderfamilie van de steenbreekfamilie."
"aalbesseblad";"";"o. (-eren), blad van de aalbes; boompje, o. (-s), gewone ben. van de aalbessestruik."
"aalbessen";"";"m., verkorting van aalbessenjenever: nieuwe aalbessen."
"aalbessenat";"";"o., aalbessesap."
"aalbessendief";"";"m. (...dieven), (nat. hist.) gewestelijke naam voor de grauwe of grijze vliegenvanger (Muscicapa grisola); ...gelei, m. en v., ...jam, m. en v., gelei, jam van (rode) aalbessen; ...jenever, m., op zwarte aalbessen getrokken jenever, rood van kleur en daarom ook wel rood genoemd; rist, v. (m.) (-en), tros aalbessen; ook het rankje of steeltje, van de bessen ontdaan; ...saus, v. (m.) (-en), saus met aalbessenat bereid; tros, m. (-sen), aalbessenrist met de daaraan gegroeide bessen; vla, v. (m.) (-'s); wijn, m., gegist sap van rode of witte aalbessen."
"aalbessesap";"";"o., ongegist sap van aalbessen; ...struik, m. (-en), struik waaraan de aalbessen groeien (Ribes rubrum en Ribes nigrum; wesp, v. (m.) (-en), vliesvleugelig schadelijk insekt dat zich bij voorkeur verpopt onder de bladeren van de aalbessestruik."
"aalboer";"";"m. (-en), venter van aal of paling; ...boot, m. en v. (...boten), roeiboot, gebezigd bij de reepvisserij op aal; ...bot, m. (-ten), zekere platvis, lange schar (Hippoglossoides platessoides); dobber, m. (-s), dobber voor het vissen op aal met de hengel; ...duiker, m. (-s), (gew) fuut; kleine aalduiker, de kleine fuut; ...elger, m. (-s), tautologische vorm naast elger, een soort aalschaar; ...emmer, m. (-s) emmer met deksel waarin aal of paling bewaard wordt."
"aalfuik";"";"v. (m.) (-en), fuik om paling te vangen; ...geer, m. (-s), (veroud.) aalschaar."
"aalglad";"";"bn., zo glad als een aal, uiterst glad; meestal fig, zeer slim; niet te vangen, zich aan iedere netelige situatie wetende te onttrekken: een aalgladde politicus; …goot, v. (m.) (…goten), goot voor de afvoer van aalt; ...grondel, m. (-s), aalvormige grondel; ...haak, m. (..haken), grote haak voor het vissen op aal; ...hoekwant, o. (geen mv.), vistuig met hoeken om aal te vangen; ...houder, m. (-s), ovaal mandje om er aal of paling voor korte tijd in te bewaren, te vervoeren of ermee te venten; ijzer, o. (-s), elger; …jaagnet, o. (-ten), groot werpnet met diepe kuil dat aan vier touwen opgehaald wordt om aal of paling te vangen, ...kaar, v. (m.) (...karen), van gaten voorziene (houten) kast waarin aal levend bewaard en gespeend kan worden; korf, m. (...korven), 1. korf, uit teen gevlochten fuik, waarmee men aal vangt;-2. (veroud.) achterste;—hachje: hij is bang voor zijn aal korf; ….kruid, o., een geurig kruid dat bij de bereiding van paling wordt gebruikt, wollige munt; ...kub(be), v. (m.) (-n), 1. aalskruik;-2. aalkorf; ….kwab(be), v. (m.) (-n), zekere vis, kwabaal, puitaal (Lota lota); ...ladder, v. (m.) (-s), ladder voor (jonge) aaltjes bij hindernissen in de binnenwateren."
"aalmoeder";"";"v. (-s), (germ.) hetzelfde als aalkwab."
"aalmoes";"";"v. (m.) (...moezen), 1. gift aan een behoeftige; gift aan een bedelaar;-(spr.) aalmoezen geven verarmt niet, door weldoen werkt men aan zijn heil; -men zou hem een aalmoes geven, gezegd van iem. die er zeer armoedig uitziet;—2. (min.) uit de hoogte toegeworpen gave of gunst."
"aalmoezenier";"";"m. (-s, -en), 1. (eert.) katholiek geestelijke, aan een hooggeplaatst wereldlijk of kerkelijk persoon verbonden, 0.a. belast met het uitdelen van zijn giften—2. katholiek geestelijke die uitsluitend belast is met de zielzorg van een bepaalde klasse, vereniging, jeugdbeweging of andere groep van personen, thans bepaaldelijk van hen die dienst doen in het leger; ook van gevangenen en verpleegden en op de vloot;-3. (bij uitbr.) lid van een armbestuur."
"aalmootje";"";"o. (-s), (gew.) zeker gebak, letterendje."
"aalnet";"";"o. (-ten), net voor het landen van gevangen aal."
"aalpad";"";"v. (m.) (-den), (gew.) de kwabaal; ...pieper, m. (-s), (gew.) modderkruiper of donderaal; ...poel, m. (-en), stilstaand water waarin zich veel aal bevindt; ...poon, v. (m.) (...ponen), eert. zeker zeilvaartuig, middelmatig van grootte, met ronde steven; …put, m. (-ten), vergaarbak voor aalt; ..reep, m. (..repen), zetlijn voor de palingvangst; ...reiger, m. (-s), (gew.) blauwe reiger (Ardea cinerea); ...salamander, m. (-s), naam van een familie van watersalamanders met aalvormige romp; ...schaar, v. (m.) (...scharen), ijzeren vork met drie of vier tanden, vaak van weerhaken voorzien, waarmee men vroeger aal stak, elger; harpoen."
"aalscholver";"";"m. (-8), zwemvogel van het geslacht (Phalacrocorax, familie der Phalacrocoracidae), m.n. de soort Ph. carbo, grote aalscholver, ook schollevaar, waterraaf en rotgans geheten: de aalscholver is een grote koolzwarte watervogel met een lange snavel, waarvan de haakpunt loodrecht naar beneden gekromd is."
"aalsgeweer";"";"o. (...geweren), visnet voor de aalvangst; „huid, v. (m.) (-en), huid of vel van een aal;~(fig., veroud.) zaak van geringe waarde: een koopman in of van aalshuiden (ook: aalsvellen); ….kruik, v. (m.) (-en), het nauwe achtereinde van een aalfuik."
"aalsnoer";"";"o. (-en), aalreep; ...soep, v. (m.), soep met gekookte paling; ..speer, v. (m.) (..speren), aalschaar; ...speet, v. (m.) (...speten), stokje met dwars daaraan gestoken mootjes dunne aal, gebakken."
"aalstal";"";"m. (-len), 1. afsluiting van een water, met een opening waarvoor men netten, fuiken of korven zet om aal te vangen;-2. natuurlijke dam onder water, door aanslibbing ontstaan of door oude boomstronken enz. gevormd, waarbij zich de aal bij voorkeur ophoudt."
"aalsteek";"";"m., 1. (vero.) het steken van aal met de aalschaar en vandaar: het recht om aal te steken: de aalsteek hebben, pachten, verpachten; —-(meton., met mv. aalsteken), plaats waar men aal mag steken;-2. (gew.) aalschaar."
"aalstekel";"";"m. (-s), 1. (gew.) elger;-2. ben. voor de scheren (Stratiotes aloides); zie Scheren (IV); steker, m. (-s), 1. iem. die aal steekt;—2. aalschaar."
"Aalstenaar";"";"m. (-s), inwoner van Aalst."
"Aalsters";"";"bn., van, uit Aalst."
"aalstreep";"";"v. (m.) (. .strepen), donkere streep op de rug van een aal; (bij uitbr.) zulk een streep over de rug van sommige vale paarden (van de manen tot de staart) en van andere dieren."
"aalsvel";"";"o. (-len), aalshuid; want, o., (gew.) het netwerk van een aalfuik."
"aalt";"";"aal, v. (m.), g. mv, het vocht dat uit (koe-)mest sijpelt, gier."
"aaltje";"";"0. (-s), ben. voor zeer kleine, draadvormige, doorzichtige diertjes, behorende tot de draadwormen,; bekend zijn de orden der Anguillulidae en Tylenchida; zij leven in organische stoffen, in planten en geheel vrij; het bekendst zijn het azijnaaltje, het stijfselaaltje en het korenaaltje. aal'tjesgallen, mv., door aaltjes veroorzaakte uitwassen in graan, helminthocedién; ...ziek, bn. aangestast door aaltjesziekte; ziekte, v., door aaltjes veroorzaakte ziekte in gewas."
"aaltuig";"";"o., vislijn voor het vangen van aal met dobber en haak."
"aalvissen";"";"m. en mv, vissenfamilie (Muraenidae), die meer dan 230 soorten omvat."
"aalvork";"";"v. (m.) (-en), aalschaar; vlug, bn., zo vlug als een aal; vormig, bn, in vorm met een aal overeenkomende."
"aalwaardig";"";"aalwa'rig, bn, (vero., nog gew.) 1. onbezonnen, onnadenkend;-2. gemelijk, knorrig."
"aalziekte";"";"v., een bij palingen voorkomende ziekte, die meestal dodelijk afloopt, roodziekte."
"aam";"1";"o. (amen), 1. oude vochtmaat van 4 ankers; de grootte wisselt af naar het land en de vloeistof: een Amsterdams aam wijn = 155,22 1; een aam olie = 145,521; -2. vat of ton, ongeveer een aam inhoudende."
"aam";"2";"adm, m., (dicht.) adem."
"aambeeld";"";"o. (-en), aanbeeld."
"aambei";"";"v. (m.), bijna uitsluitend in de mv. vorm aambeien, bes- of knobbelachtige opzwellingen van de aderen aan de anus, of aan het onderste gedeelte van de endeldarm (uitwendige en inwendige aambeien), ook spenen en in de geneesk. hemorroïden genoemd, blinde aambeien, die geen pijn geven."
"aambeienkruid";"";"o., helmkruid, groot speenkruid (Scrofularia nodosa); ..zalf, v. (m.), zalf tegen aambeien."
"aambeiwortel";"";"m. (-s), (gew.) aambeienkruid."
"aamborstig";"";"bn. (-er, -st), kortademig, een moeilijke ademhaling hebbende, astmatisch; —heid, v., kortademigheid, moeilijke ademhaling, astma."
"aamt";"";"v. (m.), ziekelijke zwelling van de uier bij koeien, schapen en geiten, kort vóór het werpen, en vaak na die tijd zich langs de onderbuik uitbreidende."
"aamtig";"";"bn. (-er, -st), aan aamt lijdende."
"aan";"";"I. voorzetsel dat in het algemeen verbondenheid uitdrukt, eig. of fig. —1. ter uitdr. van eigenlijke verbondenheid of aanraking: met de hand aan de knop van de deur; aan een touw trekken; de knopen aan een jas;-2. ter uitdr. van plaatselijke verbondenheid, van de plaats waar iets is, voorvalt of werking uitoefent of ondergaat: hij woont aan de haven; zij staat aan de deur; er zit een scherpe punt aan het potlood; aan de grond zitten; aan het hoofd staan, tot aan de rand, zich aan een steen stoten; grenzen aan; het aan het hart hebben, een hartkwaal hebben; — aan tafel zitten, bezig zijn een maaltijd te gebruiken; vandaar (meton.) aan een boterham, een biertje, aan de sherry zitten, enz., die eten, resp. drinken enz.;-3. ter uitdr. van fig. verbondenheid of van betrekking: bezig zijn aan —, denken aan -, (iets of iemand ) kennen aan —, zich gewennen aan —; doen aan —; met distributieve bet. in toepassingen als: ik heb niet veel aan plaatsbeschrijving, niet veel boeken op dat gebied; een tekort aan geld;— ook ter aanduiding van de wijze waarop iets gevormd is of de toestand waarin het zich bevindt: een gulden aan centen; voor 500 gulden aan cheques; iets aan stukken breken; — 4. bij werkw. die een eig. of fig. beweging uitdrukken geeft aan de verbondenheid met het doel of eindpunt aan: aan wal gaan; aan het werk gaan; hoe kom je daar aan?; aan de kook brengen. Aan komt voor in talloze verbindingen met werkwoorden die hier niet alle opgenoemd kunnen worden, en verder in uitdrukkingen van verschillende soort, waarvan er hier enige volgen: je hebt het beloofd, nu ben (zit) je eraan (vast), ertoe verbonden;-hij is eraan, (w.g.), hij zit ermee, is beetgenomen; (gew.) hij heeft verloren (bij alle soorten van spelen), is bekeurd, betrapt e.d.; —het zit eraan bij hem, hij kan het wel betalen; (ook) hij heeft veel geld bij zich; —zie verder Eraan;—daar is niets aan, het heeft niets te beduiden, dat is niet moeilijk, niet mooi, niet boeiend, enz.: wat is er nou aan een koning zonder kroon? (H. v. Eyk) ook wel: het is niet leuk: er is niks aan dat je niet met ons meegaat;-—ik ben er nog niet aan toe, ik ben nog niet zover gekomen, (ook) het is met mij nog niet zover gekomen; aan nieuwe schoenen toe zijn, die nodig hebben; daar zijn ze nog niet aan toe, nog niet rijp voor, of nog niet voldoende onderlegd;—men moet weten, waar men aan toe is, waaraan men zich te houden heeft, of wat men te wachten heeft; — de zieke is er naar, slecht, beter aan toe, het is naar, slecht, beter met hem gesteld;—-ik kom er nooit aan toe, u te bezoeken, ik blijf steeds in gebreke; zij heeft er niets aan, voor haar is het van geen belang, van geen waarde;—ik weet wat ik aan hem heb, wat ik van hem moet denken, wat ik van hem verwachten mag, wat ik hem kan toevertrouwen; -wij hebben de tijd aan ons, wij zijn niet gebonden aan tijd, wij hebben geen haast;— het is (staat) aan u, u hebt te beslissen; het is uw taak, opdracht, plicht: aan hem was het te leren leven met de problemen (Hoorn);-tien aan tien, in groepen van tien;-dag aan dag, de ene dag na de andere, onafgebroken;-de auto’s stonden bumper aan bumper, tegen elkaar, in een lange rij, file;-morgen aan de(n) dag, morgen dadelijk, zonder uitstel; hij is aan de drank, hij maakt misbruik van sterkedrank; zij is aan de opium, daar verslaafd aan; —hij is aan het timmeren, hij is bezig met timmeren;-—hij raakt aan het malen, hij begint te malen; —er is geen beginnen aan, het is onbegonnen werk, niet te doen, onuitvoerbaar; —hij wil er niet aan, hij wil het niet op zich nemen, durft het niet te ondernemen; (ook) hij wil er niet toe besluiten; —ook in een abs. constructie, zonder hulpw., in levendig verhalende stijl: de agent aan het waarschuwen, hij toch gegaan (F. Bordewijk);— [Opm. In België wordt, onder Fr. invloed, aan in vele gevallen gebezigd waarin het in strijd is met het Nedl. taaleigen, b.v. kopen aan-; aan 10 frank, voor; gevoelig aan, voor; zich verwachten aan, verwachten.] II. bijwoord (in sommige gevallen ook als predikatief bn. te beschouwen): de jas is al aan, aan het lijf; de schoen wilde niet aan; —de beurtschipper, de mail is aan, is aangekomen; -(zegsw.) de boot is aan, 1° de poppen zijn aan 't dansen; 2° (gew.) ik ben aan ’t eind van mijn geduld; ook alleen ’t is aan;—de moer, de keg is aan, kan niet verder; —de blokken (van een takel) zijn aan, raken elkaar;—pas op dat er niets aan komt, dat het niet vuil wordt, of niet beschadigd, er is niets aan, het is nog ongerept; -hij is met zijn werk, zijn betalingen nog niet aan, (w.g.) is nog niet zover gevorderd, heeft nog niet zoveel betaald als hij verplicht is;—het is net aan, maar net voldoende of net passend; (ook) op het nippertje; de kachel, de lamp is niet aan, brandt niet;—de radio staat aan, is ingeschakeld, speelt; (ook) een Engels station, Engeland (enz.) aan hebben, luisteren naar een uitzending uit Engeland; — de reactor is aan, is in werking;—de school, de vergadering is al aan, is reeds begonnen; —hoe of wat moet ik met hem aan? hoe moet ik met hem handelen? wat moet ik met hem beginnen;—-daar is iets van aan, daar is enige waarheid in;-'t is erg aan tussen hen, de vriendschap, de liefde tussen hen is groot; — het raakte aan, ze kregen verkering: net den dag dat het aan raakte met zijn dochter (v. Schendel), toen zij als verloofden met elkaar begonnen om te gaan; -'t is weer aan, zij verkeren weer met elkaar, de liefde, de vriendschap is hernieuwd; —(gew.) ik heb aan, ik heb beet;-je kunt er(van) op aan, je kunt er zeker van zijn—aan! (bevel) aanleggen! aantreden! aanvatten! aanhalen!;~ter aanduiding van voortgang, hetzij bij een beweging of bij een bezigheid: hem trekt zijn doel staGg westwaart aan (Staring); zacht aan, ’t is me te warm (v. Schendel); —altijd weer aan, telkens, zonder ophouden;—af en aan, heen en weer; —in deze bet. ook in onbeperkt te vermeerderen samenst. met een ww., vooral in de verb. maar wat aan —: ze rommelen maar wat aan; maar wat aanklooien, aankloten, aanklungelen, aanklunzen, aanmodderen, ik rotzooi maar wat aan (K. Appel); —als bw. van modaliteit: denk eens aan; kijk eens aan. —aan, achtervoegsel waarmee van geografische eigennamen persoonsnamen gevormd worden als Arubaan, Haitiaan, Javaan met de bet. bewoner van (het door de eigennaam genoemde)."
"aanaarden";"";"(aardde aan, heeft aangeaard), (overg.) 1. met aarde bedekken (wortels van bomen en planten) of met aarde aanvullen (op rijen staande gewassen) —2. met aarde en zand opvullen of toewerpen (gaten in wegen) of versterken; muren aanaarden, de ruimte achter de muren met aarde aanvullen."
"aanaarder";"";"m. (-s), aanaardploeg."
"aanaarding";"";"v. (-en), 1. de daad van aanaarden;-2. het door aanaarden verkregene."
"aanaardploeg";"";"m. en v. (-en), ploeg met dubbel rister waarmee men de op rijen geteelde veldgewassen aanaardt; ook gebruikt om aardappelen en bieten te rooien."
"aanademen";"";"(ademde aan, heeft aangeademd), (overg.) 1. de adem toeblazen;-2. (boekb.) het goud aanademen, zacht en voorzichtig op het bladgoud blazen, om het te doen vatten;-3. met sterke(re) adem artikuleren, aspireren."
"aanademing";"";"v. het aanademen, aspiratie."
"aanbaffen";"";"(bafte aan, heeft aangebaft), (overg.) aanblaffen; (fig.) toesnauwen (ruwer dan aanblaffen)."
"aanbaggeren";"";"(baggerde aan, heeft en is aangebaggerd), 1. (overg.) land aan de waterkant vergroten door daar bagger te werpen;—2. (onoverg.) aanslijken."
"aanbakken";"";"(bakte aan, is en heeft aangebakken), (onoverg.) 1. vastbakken, -kleven;—(spr.) hij zal nog aan de haard aanbakken, hij zit altijd thuis;-2. (fig.) onaangename gevolgen hebben;-3. (fig.) sterk aanvriezen."
"aanbaksel";"";"o. (-s), aangebakken korst."
"aanballen";"";"(balde aan, is aangebald), (onoverg.) de sneeuw balt aan, blijft aan de voetzolen hangen."
"aanbanden";"";"(bandde aan, heeft en is aangeband), (onoverg.) (germ.), de zijband raken (bij het kegelen)."
"aanbassen";"";"(baste aan, heeft aangebast), (overg.) aanblaffen."
"aanbeeld";"";"ook aambeeld, o. (-en), 1. ijzeren blok met voetstuk waarop metalen gesmeed of bewerkt worden;-—(spr.) zo zwaar als een aanbeeld, zeer zwaar;—altijd op hetzelfde aanbeeld slaan, steeds op dezelfde zaak terugkomen, aandringen;—2. puntig stukje metaal in het met sas gevulde slaghoedje van een patroon, waartegen de slagpin slaat; evenzo in een schokbuis;—3. vlak deel van een toestel waarop een bewegend deel slaat: het aanbeeld van een nietmachine;— 4. (ontl.) het middelste gehoorbeentje (incus) dat de ha. mer met de stijgbeugel] verbindt, naar de vorm aldus ge‘noemd;-5. (meteor.) bovenstuk bij buienwolken, dat ook op zichzelf voorkomt (valse cirrus)."
"aanbeeldsbeentje";"";"o. (-s), aanbeeld (4.); beitel, m. (-s); blok, o. (-ken), houten blok waarop een aanbeeld rust, ...gat, o. (-en); schoen, m. (-en), gegoten ijzeren blok waarop het aanbeeld staat bij stoomhamers; ...stok, m. (-en), aanbeeldsblok."
"aanbehoren";"";"(behoorde aan, heeft aanbehoord), (onoverg.) 1. iemands eigendom zijn, aan iemand behoren, toebehoren; 2. (w.g.) bij, tot iets behoren: de aanbehorende stukken land."
"aanbelanden";"";"(belandde aan, is aanbeland), (onoverg.) ergens aankomen om daar te vertoeven of te blijven (meestal met het bijdenkbeeld van toeval); terechtkomen."
"aanbelang";"";"o., vooral in van aanbelang, belangrijk, rijk aan gevolgen (sterker dan van belang): een omstandigheid van het grootste aanbelang.                \ aan’belangen, alleen in: wat, (voor) zoveel, (voor) zover (dat) aanbelangt, betreft, aangaat."
"aanbellen";"";"(belde aan, heeft aangebeld), (onoverg.) een deurschel doen overgaan (om binnengelaten te worden of gehoor te krijgen)."
"aanbenen";"";"(beende aan, heeft aangebeend), (onoverg.) 1. vlug of vlugger voortstappen: wij moeten wat aanbenen, willen wij er op tijd zijn; —2. komen aanbenen, (met grote stappen) naderen."
"aanberen";"";"(beerde aan, heeft aangebeerd), (overg.) (gew.) met beer begieten."
"aanbermen";"";"(bermde aan, heeft aangebermd), (overg.) een dijk aanbermen, de voet ervan verzwaren door er een berm tegen te leggen."
"aanberming";"";"v. (-en), 1. het aanbermen;-2. door aanbermen aangebrachte versterking."
"aanbesteden";"";"(besteedde aan, heeft aanbesteed), (overg.) de uitvoering van een werk, de levering van benodigdheden enz. publiek of onderhands tegen een bepaalde prijs opdragen, na vergelijking van de ontvangen inschrijvingen."
"aanbesteding";"";"v. (-en), 1. daad, handeling van aanbesteden, opdracht van een werk of een levering na vergelijking der inschrijvingen: openbare aanbesteding; -2. (w.g.) het aanbestede werk."
"aanbestedingsprijs";"";"m.; …som, v. (m.) (-men)."
"aanbestoelen";"";"(bestoelde aan, heeft aanbestoeld), (overg.) (veroud.) een dijk of een gedeelte daarvan bij de verstoeling toewijzen om te onderhouden (bijna uitsl. in het verl. deelw.)."
"aanbetaling";"";"(v. (-en), eerste storting bij het kopen van een zaak op afbetaling of in termijnen; [een pleonasme is eerste aanbetaling]."
"aanbeteren";"";"(beterde aan, is aangebeterd), (onoverg.) in beterschap toenemen."
"aanbetreffen";"";"alleen in: wat mij, hem, dat enz."
"aanbetreft";"";"aangaat; in volkst. gewoner dan betreffen."
"aanbetrouwen";"";"(betrouwde aan, heeft aanbetrouwd), (overg.) (veroud.) toevertrouwen."
"aanbeuren";"";"(beurde aan, heeft aangebeurd), (overg.) door opbeuren aangeven."
"aanbevelen";"";"(beval aan, heeft aanbevolen), (overg.) 1. (bij een ander) belangstelling, een gunstige stemming voor iem. of iets trachten op te wekken;—iemand aan een ander, bij iem. aanbevelen, diens belangen bij hem voorstaan; zich, zijn ziel Gode aanbevelen, Gods ontferming inroepen; — het zakje, de collecte aanbevelen (in de kerk), de aanwezigen tot milde giften opwekken;— iemand voor een betrekking aanbevelen, zijn benoeming in de hand werken, bevorderen;—zich voor een ambt aanbevelen, zich op goede gronden aanbieden;-zich aanbevolen houden (voor-), zich ontvankelijk verklaren voor-, bereidwillige belangstelling hebben voor-, wensen te ontvangen;-2. aanprijzen: koopwaren, een huis, een manier van studeren aanbevelen;—dat kan ik je aanbevelen, ten zeerste aanraden, dat is erg goed;-3. toevertrouwen: iem. een werk, zijn belangen, een geheim aanbevelen;— 4. (rechtst.) iem. in gijzeling aanbevelen, verklaren dat men iem. die reeds in gijzeling is, bij het einde daarvan ten eigen behoeve in bewaring wil doen blijven."
"aanbevelenswaardig";"";"bn, (-er, -st, of meer—, meest -), zelden aanbevelenswaard’, aanbeveling verdienend."
"aanbeveling";"";"v. (-en), 1. daad van aanbevelen;-2. mondelinge of schriftelijke verklaring dat men iemand aanbeveelt;-3. voordracht, lijst van personen, die door een daartoe gerechtigde ter benoeming worden aanbevolen;—4. datgene wat tot aanbeveling strekt: een zindelijk voorkomen is een goede aanbeveling;—(zegsw.) dat is geen aanbeveling, dat geeft geen hoge dunk."
"aanbevelingsbrief";"";"m. (… brieven), brief waarin men iemand aanbeveelt. aanbevelingswaard’, ...waard’ig, aanbevelenswaardig."
"aanbidbaar";"";"bn. (dicht.) 1. voor aanbidding vatbaar;-2. aanbiddelijk."
"aanbiddelijk";"";"bn. en bw. (er, -st), waardig om aangebeden te worden en tot aanbidding uitlokkende: het aanbiddelijk Opperwezen; —(oneig.) hoogst bekoorlijk: het is een aanbiddelijk meisje,"
"aanbidden";"";"(bad aan, heeft aangebeden, ook aanbad, heeft aangebeden), (overg.) 1. als goddelijk wezen vereren, hetzij door gebeden en eerbiedige hulde, hetzij door de toewijding: wij zijn gekomen om Hem te aanbidden (Matth. 2: 2; N.V.); —(zegsw.) het gouden kalf aanbidden (naar Exod. 32), overdreven gehecht zijn aan rijkdom, (ook) onderdanige hulde aan rijke lieden bewijzen; —zichzelf aanbidden, van zijn eigen ik een afgod maken;—de opgaande, de rijzende zon aanbidden, de veldwinnende partij eren en vleien;—2. (fig.) (vaak onscheidbaar) met geestdrift vereren, hartstochtelijk beminnen: de veldheer werd door zijn soldaten aanbeden, zijn aangebeden dochter."
"aanbiddenswaardig";"";"bn. (-er, -st, of meer—, meest-), waardig aangebeden te worden."
"aanbidder";"";"m. (-s), 1. hij die aanbidt: wanneer de ware aanbidders den Vader aanbidden zullen (Joh. 4: 23);-2. (in het bijz.) hij die een meisje het hof maakt: als jongmeisje had zij vele aanbidders."
"aanbidding";"";"v. (-en), 1. het aanbidden: in aanbidding verzinken, neerknielen;-2. (r.-k.) gelegenheid om het uitgestelde Allerheiligste te aanbidden: er is vandaag aanbidding in onze kerk;-gedurige of eeuwigdurende aanbidding, ononderbroken aanbidding van het Allerheiligste;-3. voorstelling van het aanbidden van Jezus door de herders of door de Wijzen uit het Oosten; de aanbidding van het Lam door de gebroeders Van Eyck."
"aanbidster";"";"v. (-s), zij die aanbidt."
"aanbieden";"";"(bood aan, heeft aangeboden), (overg.) 1. vrijwillig ter beschikking stellen, offreren, geven: iem. een beloning, geld, een glas wijn aanbieden, een dame de arm aanbieden, uit beleefdheid of om haar bij het gaan behulpzaam te zijn;—iem. een betrekking aanbieden;— het genoemde voor iem. betalen: mag ik je deze cocktail aanbieden? ik kreeg een cruise aangeboden, (scherts.) iem. een pak slaag aanbieden, bedreigen met;-2. tegen een bepaalde prijs, bepaalde voorwaarden, verkrijgbaar stellen: waren aanbieden, een nieuwe uitgave bij de boekhandel aanbieden ;—een cheque, een kwitantie aanbieden, tot het voldoen daarvan uitnodigen;—een telegram aanbieden, ter verzending opgeven;— 3. opleveren, geven: de zomer, deze stad biedt velerlei genoegens aan;—4. zich aanbieden, zich bereid verklaren tot, als; zich aanmelden;-zich vertonen, voordoen: er biedt zich een goede gelegenheid aan;-5 (in Belg, gall.) zich aanbieden aan-, zich vervoegen bij—, verschijnen voor-. aan'bieding, v. (-en), 1. het aanbieden; -2. (hand.) aankondiging van waren tegen een bepaalde prijs;— goedkope, buitengewone aanbieding; -(pregn.) bijzondere (goedkope) aanbieding; iets in de aanbieding hebben, het voor een lage prijs verkrijgbaar stellen;- (boekh.) bij aanbieding, onder toezegging van extra voordelen bij het kopen van een zeker aantal;-3. het aangebodene: dat is een mooie aanbieding; iemands aanbiedingen afslaan."
"aanbiedingsbrief";"";"m. (...brieven), brief die de aanbieding van een nota, een wetsvoorstel e.d. begeleidt; ...formulier, o. (-en); ...prijs, m. (prijzen)."
"aanbijten";"";"(beet aan, heeft aangebeten), (onoverg.) 1. de eerste beet in iets doen; in het aas bijten;—2. (fig.) hij wil niet aanbijten, hij laat zich niet verlokken: inz. tot het doen van een huwelijksaanzoek."
"aanbikken";"";"(bikte aan, heeft aangebikt), (overg.) alleen in bomen aanbikken, door het uithakken van een stuk bast bomen merken die verkocht of geveld zullen worden. ."
"aanbinden";"";"(bond aan, heeft aangebonden), (overg.) 1. door binden bevestigen (aan), b.v. leibomen; vooral gezegd van schaatsen;-korter, vaster binden (paard, touw);—(spr.) de kat de bel aanbinden, de eerste stap doen om een gevaarlijk plan tot uitvoering te brengen, de kastanjes uit het vuur halen;-—(spr.) waar het paard aangebonden is, moet het vreten, men moet zich naar de omstandigheden schikken;—kort aangebonden zijn, zie Kortaangebonden;—2. (text.) het verbinden van onderweefsel met bovenweefsel door de onderketting over de boveninslag te voeren;—3. beginnen: de strijd aanbinden; met iemand aanbinden, een conflict met hem aanvaarden; zich met hem bemoeien, bezighouden: wat had je met dat mens ook aan te binden (Naeff);—4. (veroud.) een zaak aanbinden, haar beginnen en krachtig doorzetten."
"aanbinder";"";"m. (-s), 1. die aanbindt;-2. scheerhout."
"aanblaffen";"";"(blafte aan, heeft aangeblaft), (overg.) 1. door blaffen bedreigen;—2. (fig.) toesnauwen, tekeergaan tegen."
"aanblazen";"";"(blies aan, heeft aangeblazen), (overg.) 1. door blazen doen vlammen (vuur, ook in oneig. zin): breekt uit en blaast de dove sintels aan, die zijn verdoken onder ’t rokend puin (Campert); (fig.) doen ontvlammen, aanwakkeren (hartstochten, twisten, onlusten); —2. naar iem. blazen (rook, stof);-3. (fig.) bezielen;inspireren: de standing van enkele religieus aangeblazen dagbladen (Hermans) (verg. Hd. angehaucht);—4. (van een instrument) door erop te blazen de toon onderzoeken; -5. de stembanden vrij dicht bij elkaar brengen, zodat een schurend geluid ontstaat (de aspiratie), dat met de voorafgaande of de volgende spraakklank één geheel vormt, aspireren, met aspiratie uitspreken."
"aanblazing";"";"v. (-en), 1. het aanblazen; aspiratie (van klanken);—2. (fig.) ingeving, bezieling, inspiratie."
"aanbleken";"";"(bleekte aan, is en heeft aangebleekt), (onoverg.) 1. witter worden; nog meer bleken (linnen); -2. (dicht.) met zwak schijnsel beginnen te lichten, aanlichten: de dag bleekt aan."
"aanblessen";"";"(bleste aan, heeft aangeblest), (overg.) aanbikken."
"aanblijven";"";"(bleef aan, is aangebleven), (onoverg.) 1. een ambt, een betrekking blijven bekleden, niet aftreden;-2. bijblijven; (bij een spel) niet afvallen;—niet ten achteren komen: hij blijft met de huur tegenwoordig goed aan;-(gew.) iem. aanblijven, gelijke tred met hem houden; -[in toepassingen als het moet aan blijven, de kerk blijft lang aan, is aan niet met blijven samengesteld, maar staat het als predikatieve bep.]."
"aanblik";"";"m. g. mv, 1. het aanzien, het aanschouwen (actief en passief): bij de eerste aanblik; voor uw aanblik, o Heer, siddert de Boze;-2. het aanschouwde; gezicht: een troosteloze aanblik opleveren."
"aanblikken";"";"(blikte aan, heeft aangeblikt), (overg.) (litt. t) 1. het oog richten op, aanzien;-2. tegenstralen: de sterren blikken ons aan."
"aanbloeden";"";"(bloedde aan, heeft en is aangebloed), (onoverg.) (text.) van gekleurde weefsels, inz. van vloerbedekking: kleur afgeven op andere stoffen."
"aanbod";"";"o. (geen mv., men bezigt daarvoor aanbiedingen), 1. het aanbieden, het tegengestelde van vraag: de marktprijs regelt zich naar vraag en aanbod;-2. het zich-voordoen, zich-vertonen (om te passeren b.v.): het aanbod van auto’s in de spitsuren is weer gegroeid; —3. het aangebodene: een voordelig aanbod krijgen, doen; — curve, v. (m.) (-s), curve van een aanbodfunctie die de relatie aangeeft tussen prijs en aanbod (1.) van een artikel e.d.; —economie (eko...), v., economie met meer aandacht voor het aanbod dan voor de vraag; —functie, v (-s); —schaal, v. (m.) (...schalen)."
"aanboegen";"";"(boegde aan, heeft aangeboegd), (onoverg.) de boeg richten (naar); de wind in draaien."
"aanboeken";"";"(boekte aan, heeft aangeboekt), (overg.) (posten, rekeningen enz.) in een koopmansboek bijschrijven, volledig boeken tot aan het tegenwoordige ogenblik."
"aanboeten";"";"(boette aan, heeft aangeboet), (overg.) (veroud., gew.) 1. aanleggen: vuur aanboeten;—2. opstoken, feller doen branden."
"aanbollen";"";"(bolde aan, is aangebold), (onoverg.) van de wind: sterker gaan blazen."
"aanbomen";"";"(boomde aan, heeft aangeboomd), (overg.) door bomen naderbij brengen: een praam aanbomen."
"aanbonzen";"";"(bonsde aan, heeft en is aangebonsd), (onoverg.) 1. dreunend tegen iets kloppen of stoten; —2. bonzend naderen."
"aanboorden";"1";"(boordde aan, heeft aangeboord), (overg.) (vero. en gew.) benaderen."
"aanhoorden";"2";"(boordde aan, heeft aangeboord), (overg.) 1. (zeew., vero.) aan boord komen, aanklampen;-2. de bovenste delen der buitenhuid (van een schip) aanbrengen."
"aanboortoestel";"";"o. (-len), toestel waarmede men een aansluiting kan maken op een in de grond liggende, onder druk staande gas- of waterleiding, zonder dat er gas of water ontsnapt."
"aanboren";"";"(boorde aan, heeft aangeboord), (overg.) 1. door boren raken, ontmoeten, komen op: een steenkoollaag, petroleum aanboren;—(fig.) nieuwe belastingbronnen aanboren, ontsluiten;-2. door boren een opening (beginnen te) maken in; een nieuw vat aanboren, opsteken."
"aanbotsen";"";"(botste aan, is aangebotst), (onoverg.) met een bots, krachtig tegén iets of elkaar stoten."
"aanbouw";"";"m,, 1. het aanbouwen (huizen, schepen), dit huis is in aanbouw, er wordt aan gebouwd; -2. (krijgsw.) alg. ben. voor alle veranderingen van het natuurlijk terrein, door mensenhanden aangebracht: gebouwen, omheiningen, bomen, sloten enz.;-3. het bebouwen (b.v. van woeste grond);—4. het verbouwen (van gewassen);— 5. (germ) nieuw gedeelte, gebouwd aan een bestaand gebouw."
"aanbouwen";"";"(bouwde aan, heeft aangebouwd), (overg.) 1. (nieuwe huizen of schepen) bij de reeds bestaande bouwen; -2. (een nieuw gedeelte) aan een huis vastbouwen;-3. (woeste gronden) aanmaken en bebouwen; —4. verbouwen."
"aanbouwer";"";"m. (-s), in de scheepsb. een arbeider die platen en andere delen voorlopig op de juiste plaats bevestigt."
"aanbouwkeuken";"";"v, (m.) (-s), keukeninrichting bestaande uit losse onderdelen die aan al aanwezige elementen kunnen worden áangebouwd; ...ploeg, m. en v. (-en), aan een tractor gebouwde ploeg."
"aanbouwsel";"";"o. (-s), het aan een bestaande woning, schuur enz. gebouwde gedeelte (meest geringschattend gebezigd)."
"aanbouwtent";"";"v. (m.) (-en), tent die aan iets anders vastgebouwd kan worden: een caravan met aanbouwtent; werktuig, 0. (-en), landbouwwerktuig dat zodanig aan een tractor wordt bevestigd dat het er een geheel mee wordt."
"aanbraden";"";"(braadde aan, heeft aangebraden), (overg.) (vlees) enigszins braden (om het beter te kunnen bewaren, of om het vlugger klaar te hebben voor gebruik)."
"aanbranden";"";"(brandde aan, is en heeft aangebrand), I. onoverg., 1. zich aan de pot, aan de pan vastzetten, zich aanzetten (de inhoud): wat is een man alleen? Wat-ie niet laat aanbranden, gooit-ie om (Veldhuizen);-2. beginnen te branden; (fig.) in verschillende zegsw. ter aanduiding van: onaangename gevolgen hebben, mis lopen: de pot (zij) is aangebrand, zij moet bevallen;—dat zal aanbranden, dat zal verkeerd aflopen;-hij is gauw aangebrand, spoedig boos; —hij is lelijk aangebrand, door een geslachtsziekte aangestoken;-3. goed doorbranden (vuur);—4. branden in de richting van;-5. (fig.) (van de zee) met sterkere branding bruisen; —II. overg., (bouwk.) een (muur)vlak met een dunne laag mortel bestrijken om nieuw beton, dat ertegenaan moet sluiten, beter te doen hechten."
"aanbrandsel";"";"o. (-s), de aan de poot vastgezette korst."
"aanbrassen";"";"(braste aan, heeft aangebrast) (onoverg.) (zeew.) de brassen aanhalen, en dus de raas wat meer langsscheeps richten."
"aanbreien";"";"(breide aan, heeft aangebreid), 1. (overg.) door breien verenigen (netten); mouwen aan een trui enz.);—(fig.) (een stuk) toevoegen;-zie ook Aangebreid;-2. (overg.) (het versletene) opnieuw breien, inz. nieuwe voeten aan kousen;-3. (onoverg.) vlugger breien."
"aanbreisel";"";"o. (-s), nieuw aangebreid gedeelte."
"aanbreken";"";"(brak aan, heeft en is aangebroken), 1. (overg.) voor het eerst een deel van een voorraad (vooral van levensmiddelen) nemen); in ’t bijz. van kisten, vaten, flessen enz.: openmaken;—2. (onoverg.) (van het morgenlicht, de dag, een tijdstip) beginnen te schijnen, resp. licht te worden: beginnen;- vaak in zelfst. gebruik: bij het aanbreken van de dag."
"aanbreng";"";"m. (geen mv), 1. het aanbrengen; -2. het aangebrachte (bep. ten huwelijk)."
"aanbrengen";"";"(bracht aan, heeft aangebracht), (overg.) 1. naar een aangewezen plaats brengen (de wijze hoe is onbepaald): bouwmaterialen aanbrengen;—setweren: in New York had hij koffie en borrels aangebracht (Couperus);—als gevonden voorwerp op de daartoe bestemde plaats (bureau, kantoor) brengen;-2. meebrengen in een huwelijk: zij heeft hem dat huis aangebracht;-3. plaatsen, in- of toevoegen (onderdelen, versieringen, kleuren enz.): een handvatsel aanbrengen, een lichtopening in een muur aanbrengen; -wijzigingen, verbeteringen aanbrengen (in—), ook in niet-plaatselijke zin, m. betr. t. toestanden enz.—4. maken (veranderingen), — 5. fig. in de zin van verschaffen, veroorzaken, berokkenen (geluk, genot, nut, onheil, ellende enz.);—(spr.) de derde man brengt de spraak aan, doet het gesprek vlotten;-6. iets (nl. iets kwaads van een ander aan een meerdere) aanbrengen, verklikken;— iem. bij de politie aanbrengen, aanklagen; — iem. (iets) bij het gerecht aanbrengen, bekendmaken, aanklagen;—een zaak aanbrengen, (bij het gerecht) aanhangig maken; ook in vrijer gebruik, melden; 7. vrijwilligers (bij het leger), matrozen aanbrengen, hun dienstneming melden na hen daartoe bewogen te hebben, tegen beloning;-nieuwe leden (b.v. bij een verzekeringsmaatschappij) aanbrengen, tot toetreding overhalen;-8. (gew.) volbrengen;-wij hebben het voor vandaag aangebracht, wij zijn voor vandaag ver genoeg gekomen; -9. een hond aanbrengen, opleiden en africhten tot een bepaalde jacht."
"aanbrenger";"";"m. (-s), 1. die aanbrengt; inz. verklikker; —2. (mil.) onderdeel van het magazijn van een repeteervuurwapen, dat de patronen naar buiten stuwt;-3. kleine wipwatermolen, weidemolen, petmolen."
"aanbrenghuis";"";"o. (...huizen), huis waarvan de houder zich belast of belast is met het aanbrengen van panden naar de bank van lening."
"aanbrenging";"";"v., het aanbrengen of aangebracht worden."
"aanbrengpremie";"";"v. (-s), provisie, v. (-s), beloning voor het aanbrengen van vrijwilligers, nieuwe leden, klanten enz."
"aanbrengsel";"";"o. (-s), (w. g.) hetgeen aangebracht is of wordt."
"aanbrengst";"";"v. (-en), 1. het aanbrengen;-2. het (in een huwelijk) aangebrachte."
"aanbrug";"";"v. (m.) (-gen), beweegbaar stuk aan een schipbrug, pontonbrug of gierpont, dat op de oever neergelaten kan worden; ook een vast brugdeel tussen landhoofd en eerste pijler van een grote overspanning."
"aanbrullen";"";"(brulde aan, heeft aangebruld), (overg.) brullen tegen-, door brullen bedreigen."
"aanbuigen";"";"(boog aan, heeft aangebogen), (overg.) naar iets toebuigen."
"aanbulderen";"";"(bulderde aan, is aangebulderd), 1. (onoverg.) bulderend naderen;-—2. (overg.) toebulderen."
"aancirkel";"";"m. (-s), aangeschreven cirkel."
"aandacht";"";"v. (m.), g. mv, 1. het opzettelijk aan of over iets denken, het vertoeven met de gedachte bij iets, belangstelling, interesse: de, iemands aandacht vestigen op; de aandacht trekken, boeien, bezighouden, storen, vermoeien, afleiden; zijn aandacht concentreren, zie concentreren; met aandacht het gesprek, een voordracht volgen, zonder een woord te laten ontglippen, zeer oplettend;-te veel van iemands aandacht vergen, iem. vermoeien; veel aandacht vragen, veel zorg, hulp vragen; kamer met aandacht, kamer gehuurd in een huis waar men zelfstandig kan wonen, maar wel, zo nodig, met iem. kan praten over zijn moeilijkheden; -—(fig.) hij is onze aandacht waardig, verdient onze belangstelling;—[In de zin van godsvrucht, vrome overpeinzing, stichting, in de 17de e. niet ongewoon, wordt het thans als germanisme gevoeld, hoewel het gewest. nog bekend is, 0.4. in de wens goeie aandacht, tot iemand die ter kerke gaat.];-2. in Belgie als purisme voor attentie, inz. als tw.: aandacht! opgelet! opgepast!"
"aandachtsgebied";"";"o. (-en), ...punt, o. (-en), gebied, punt, terrein enz. waarop men zijn aandacht concentreert, waar men het meeste aandacht aan besteedt."
"aandachtig";"";"bn. bw. (-er, -st), 1. aandacht schenkende: een aandachtig gehoor;—2. met aandacht geschiedende;~bw., met aandacht! aandachtig luisteren."
"aandachtsstreep";"";"v. (m.) (...strepen), meestal streepje, o. (-s), zinteken om een tussenzin scherper af te scheiden dan door komma's: ik zal-als ik tijd heb-vanavond naar uw broer gaan."
"aandachtswaarde";"";"v., waarde die iets heeft als middel om de aandacht te trekken, m.n. een publicatie, reclame, ed."
"aandak";"";"o. (-en), het bovengedeelte van een trap of topgevel dat voorbij de dakschilden schiet; de schuins of boogsgewijze opgaande randen van een gevelspits voor zover die boven de dakschilden uitsteken."
"aandammen";"";"(damde aan, heeft aangedamd), (overg.) 1. (land) aanwinnen door het maken van een dam;-2. (lage, drassige grond of veenputten e.d.) aanvullen of ophogen;-3. (veend.) brengen van bonkaarde op de dalgrond."
"aandamming";"";"v. (-en), 1. het aandammen;-2. het door aandammen ontstane of verkregene."
"aandeel";"";"o. (..delen), 1. deel van iets dat iemand in eigendom toebehoort of toekomt, met het bijdenk beeld dat het overige aan mederechthebbenden behoort: aandeel hebben in of aan een fabriek, zaak, maatschappij, eigenaar van een gedeelte van het bedrijfskapitaal zijn;—aandeel hebben aan een erfenis, een buit, deelgenoot zijn in;—aandeel hebben in de winst, telkens een vast gedeelte daarvan krijgen;—2. deel dat men voor zichzelf neemt aan een handeling waarbij ook anderen betrokken zijn: aandeel hebben aan iem.’s rampspoed, aan een oproer, ertoe bijdragen, eraan medewerken; een actief aandeel hebben in iets, er daadwerkelijk toe bijdragen;-3. gedeelte dat iem. bijdraagt tot het kapitaal voor een onderneming: een maatschappij op aandelen;—4. aandeelbewijs: een pakket aandelen; aandelen op naam, waarop de naam van de houder vermeld is;-5. (fig) hij heeft ruim zijn aandeel in ’s werelds lief en leed gehad, veel lief en leed heeft hij ondervonden; —aandeel (thans meestal deel) nemen in, blijk geven van zijn belangstelling, deelneming; aandeel nemen in iemands vreugde of droefheid;—bewijs, o. (bewijzen), geschreven of gedrukt bewijsstuk van een bepaald aandeel in een zaak, eigendom, onderneming enz, (men zegt meest bewijs van aandeel); hebber, m. (-s), die aandeel in een zaak of eigendom enz. heeft; compagnon, deelgenoot."
"aandeelhouder";"";"m. (-s), houder of bezitter van een of meer aandelen in een vennootschap enz."
"aandeelhoudersbewijs";"";"0. (… wijzen); commissie, v. (-s); register, o. (-s); vereniging, v, (-en),; vergadering, v. (-en)."
"aandeelhoudster";"";"v. (-s)."
"aandelenbezit";"";"o.; bezitter, m. (-s); ….handel, m.; …kapitaal, o. (...kapitalen), gezamenlijk kapitaal dat in aandelen in een onderneming gestoken is; ...koers, m. (-en); …markt, v. (m.); pakket, o. (-ten), een (groot) aantal aandelen (in iemands bezit); register, o. (-s)."
"aandenken";"";"o., 1. het in gedachtenis houden van iemand of iets;-2. het voortleven in de gedachten van anderen;—3. voorwerp waardoor men aan iemand of iets blijft denken (als meervoud gebruike men gedachtenissen). {aan denken, als in denk eens aan is geen samenst.; zie bij Aan, II, laatste alinea]."
"aandewinds";"";"bn., waarbij of waarop aan de wind gezeild wordt: aandewindse rakken."
"aandienen";"";"(diende aan, heeft aangediend), (overg.) 1. (w. g.) iets aandienen, berichten (aan een hoger geplaatst persoon); —2. iemand aandienen, de komst, de naam van een bezoeker melden (bij een superieur); -zich aandienen, zich aanmelden; -3. (fig.) zich aandienen als—, zich willen laten gelden als het genoemde."
"aandiepen";"";"(diepte aan, heeft en is aangediept), I. (overg.) 1. (zeew.) lodende en peilende het land naderen, gewoonlijk aanloden geheten;—2. tot de vereiste diepte brengen; -II. (onoverg.) dieper worden."
